"","V1"
"96385",5009.1231784424
"96386",4788.3905388518
"96387",4703.60553458952
"96388",4529.7240096064
"96389",4421.7195384892
"96390",4301.50402326403
"96391",4261.06069703002
"96392",4228.68689640235
"96393",4231.30385376303
"96394",4375.50649654747
"96395",4391.49684551325
"96396",4555.98957055863
"96397",4938.10194949676
"96398",5493.75244350764
"96399",5881.64932167661
"96400",6167.47768752664
"96401",6478.01057979044
"96402",6519.52552581201
"96403",6340.05525437813
"96404",6056.89374248336
"96405",5605.06895487406
"96406",5278.54342523371
"96407",4937.78854929014
"96408",4873.5812104152
"96409",4801.23590884123
"96410",4693.26007859987
"96411",4764.85374496206
"96412",4796.73805370008
"96413",4783.21734374939
"96414",4902.78089190692
"96415",5119.87196479278
"96416",5248.1819172324
"96417",5468.98347924851
"96418",5813.91133887095
"96419",6164.14668211686
"96420",6604.98227415572
"96421",6913.6316035158
"96422",6739.1498476647
"96423",6500.07949796795
"96424",6334.93290064763
"96425",6170.7646533694
"96426",5991.1934618157
"96427",5774.91177262891
"96428",5620.91378876621
"96429",5349.11263697703
"96430",5182.74835780897
"96431",5007.01859125823
"96432",5171.85129682137
"96433",5006.62304632167
"96434",4800.87343356715
"96435",4710.506348279
"96436",4596.07901934523
"96437",4353.31445096156
"96438",4294.09159529805
"96439",4233.55538756187
"96440",4122.35152508613
"96441",4184.43439215659
"96442",4208.86516686283
"96443",4270.25959576263
"96444",4573.28515990312
"96445",4875.63078536376
"96446",5288.29255086231
"96447",5739.83289799593
"96448",5886.68695800835
"96449",6191.61438643436
"96450",6413.49657780094
"96451",6394.12545710852
"96452",6261.80039539275
"96453",6168.61610280525
"96454",5986.8870655846
"96455",5722.59468583897
"96456",5469.95441009032
"96457",5642.1877970295
"96458",5541.69890621962
"96459",5387.89483289322
"96460",5571.46991957589
"96461",5658.45195076138
"96462",5684.17686100997
"96463",5635.42797323393
"96464",5705.21396378446
"96465",6011.02794268649
"96466",6108.93164617378
"96467",6491.85877314932
"96468",6766.6757764276
"96469",6972.54336336173
"96470",6757.71930959587
"96471",6626.83776735571
"96472",6536.04919953593
"96473",6367.08662215425
"96474",6233.43682613781
"96475",5989.28700350645
"96476",5909.17460093362
"96477",5680.52165757293
"96478",5440.31091170619
"96479",5313.2753592805
"96480",5581.36227066236
"96481",4890.1838128656
"96482",5434.25562102718
"96483",4938.25962585759
"96484",4724.77312174367
"96485",4580.92774540211
"96486",4555.7812931818
"96487",4402.69919344374
"96488",4432.89739219471
"96489",4442.84933587874
"96490",4467.90080153578
"96491",4456.34209325753
"96492",4683.21514070901
"96493",4724.44251171902
"96494",4936.78030512979
"96495",5085.79678895751
"96496",5263.96487361708
"96497",5554.13321411594
"96498",5719.10764363211
"96499",5765.96835413939
"96500",5728.18898403731
"96501",5634.1732147903
"96502",5519.8215030369
"96503",5383.68220931683
"96504",5281.5642265018
"96505",5315.1787622106
"96506",5164.15549446997
"96507",5104.13749446273
"96508",5132.08545387424
"96509",5305.78536056983
"96510",5387.99893645567
"96511",5585.34542578799
"96512",5764.78342920849
"96513",5910.10451430852
"96514",6207.71555456453
"96515",6483.55038348194
"96516",6866.72944466361
"96517",7086.89604199294
"96518",6896.95898369032
"96519",6646.76928841721
"96520",6499.48305552242
"96521",6385.0141897738
"96522",6134.30810996186
"96523",6099.18363207256
"96524",5934.40006913952
"96525",5705.88331177204
"96526",5540.47650684469
"96527",5406.7968345979
"96528",5680.9832738125
"96529",5395.40560899659
"96530",5220.89400523669
"96531",4978.78791025483
"96532",4901.1109645601
"96533",4631.63658676932
"96534",4505.05287116581
"96535",4368.40896637541
"96536",4369.34048048861
"96537",4330.87063315672
"96538",4323.42522570234
"96539",4312.33162793135
"96540",4332.25378079306
"96541",4534.30424576561
"96542",4687.49348547203
"96543",4837.60993892607
"96544",4833.07031972727
"96545",5141.47412259166
"96546",5344.72814869783
"96547",5426.85935141201
"96548",5465.71787493885
"96549",5419.74295213761
"96550",5319.76356730935
"96551",5251.2354198064
"96552",5228.40332124915
"96553",5354.49912212635
"96554",5263.55564458993
"96555",5266.82466338066
"96556",5307.04436756511
"96557",5480.06277297432
"96558",5627.7319411783
"96559",5689.81568881653
"96560",5771.58717932441
"96561",5904.97186175116
"96562",6046.60303491296
"96563",6436.52709104482
"96564",6714.38405450022
"96565",6914.00628554103
"96566",6802.74525402014
"96567",6632.85159995211
"96568",6404.98869719846
"96569",6363.85337376719
"96570",6105.34275025868
"96571",5924.94423541998
"96572",5873.69272301451
"96573",5610.58370753978
"96574",5396.03963644208
"96575",5257.86526372983
"96576",5466.56822385707
"96577",5732.34791064596
"96578",4831.57373747246
"96579",4974.43291046155
"96580",4813.50993545866
"96581",4715.80472485777
"96582",4556.8785064687
"96583",4518.87785425207
"96584",4502.99763902699
"96585",4554.15983258252
"96586",4635.62868301297
"96587",4712.59256112632
"96588",4946.39492778038
"96589",5257.63126585245
"96590",5784.37909427285
"96591",6270.54976973593
"96592",6418.8584540462
"96593",6900.90065754738
"96594",7082.87888314666
"96595",7180.2626387605
"96596",6934.57235437656
"96597",6676.88635669615
"96598",6604.90767833527
"96599",6487.47800701848
"96600",6312.49701342615
"96601",6450.55943814463
"96602",6414.670233247
"96603",6344.90363240526
"96604",6358.31259960021
"96605",6369.34373839222
"96606",6296.14172190624
"96607",6313.35047193556
"96608",6481.39049370027
"96609",6591.95923731636
"96610",6772.77181072126
"96611",7287.95895095504
"96612",7372.18061873746
"96613",7641.63806472521
"96614",7475.74442283535
"96615",7473.26866537807
"96616",7575.12722206045
"96617",7492.60933915835
"96618",7311.48377770927
"96619",7401.33516342536
"96620",7091.96341839346
"96621",6596.13985099131
"96622",5719.85506069324
"96623",5261.42114595306
"96624",5726.59467200463
"96625",5508.06333837374
"96626",5207.35912784433
"96627",5085.83664375862
"96628",4971.9592799545
"96629",4747.34286201213
"96630",4647.36573752389
"96631",4630.4191360919
"96632",4564.54027103966
"96633",4593.01295311509
"96634",4617.96994039731
"96635",4770.90800292572
"96636",5060.39656808918
"96637",5335.37625890187
"96638",5788.50761291308
"96639",6199.20600855041
"96640",6431.02865393101
"96641",6873.99965460168
"96642",7108.62067273396
"96643",7057.9027110707
"96644",7028.72491991392
"96645",6760.14503155591
"96646",6670.73665845041
"96647",6496.46573747844
"96648",6214.48598047573
"96649",6167.18657013173
"96650",6121.64720875647
"96651",6136.26829331533
"96652",6211.83587326188
"96653",6178.09442481517
"96654",6253.56175615362
"96655",6326.65136689862
"96656",6473.15881206383
"96657",6585.99270381593
"96658",6802.28840654428
"96659",7086.44140443598
"96660",7332.77006406923
"96661",7278.98972477275
"96662",7104.46862498173
"96663",7129.23479534356
"96664",7089.19579431515
"96665",6860.02573247429
"96666",6575.52949187398
"96667",6437.47961078156
"96668",6199.94220357236
"96669",5832.78027025462
"96670",5571.68756147893
"96671",5415.58723355664
"96672",5681.04325029383
"96673",5503.06350781162
"96674",5278.29743149469
"96675",5138.13593528518
"96676",4933.68957569165
"96677",4807.16474623514
"96678",4659.18289465761
"96679",4597.32934692171
"96680",4607.50886375482
"96681",4649.89552911019
"96682",4581.19885270476
"96683",4799.27335989291
"96684",5044.37818224244
"96685",5298.16506973617
"96686",5842.90637686271
"96687",6161.54118857893
"96688",6401.31882758936
"96689",6727.16113810042
"96690",6916.33266139707
"96691",6775.27310140799
"96692",6614.4919806883
"96693",6309.88205807018
"96694",6175.7536078929
"96695",5886.39234185968
"96696",5662.35430934993
"96697",5504.00434964832
"96698",5440.3742008682
"96699",5459.15494913202
"96700",5841.13080655721
"96701",5971.27774779689
"96702",5970.07314997356
"96703",6074.45821524769
"96704",6227.17802988477
"96705",6435.4779920346
"96706",6523.05624836874
"96707",6995.59980366141
"96708",7278.21019315675
"96709",7448.29619888853
"96710",7270.5389800783
"96711",7102.4821359937
"96712",6916.61226331619
"96713",6835.64864270247
"96714",6581.33867740423
"96715",6404.84157435937
"96716",6299.23029549593
"96717",6051.52924948125
"96718",5694.66734474517
"96719",5487.2734435661
"96720",5797.53658554097
"96721",5544.22925408112
"96722",5279.11742566669
"96723",5198.1049196522
"96724",5008.35945775217
"96725",4873.77643824933
"96726",4825.6790320171
"96727",4752.23816087526
"96728",4730.80487146647
"96729",4750.27215439719
"96730",4823.472783897
"96731",4907.55000072488
"96732",5169.28627223191
"96733",5479.44462467439
"96734",5984.62743779957
"96735",6478.53609115122
"96736",6770.79936271275
"96737",7148.63380660444
"96738",7352.76927457878
"96739",7150.32832187522
"96740",6893.80853726424
"96741",6496.06605732329
"96742",6135.42282302475
"96743",5880.82768905914
"96744",5607.00697251188
"96745",5520.26506664185
"96746",5468.95149635784
"96747",5444.10993550034
"96748",5549.67996520169
"96749",5603.75727155605
"96750",5602.78101317792
"96751",5878.22172887795
"96752",6101.40697091969
"96753",6381.05042020164
"96754",6666.36594825067
"96755",7081.01208188704
"96756",7434.46682191432
"96757",7755.08534579032
"96758",7668.20032083254
"96759",7483.74944586019
"96760",7347.69275751275
"96761",7209.60295313907
"96762",6948.96428096367
"96763",6840.17515739848
"96764",6523.19849391267
"96765",6292.96154029133
"96766",5987.85939606882
"96767",5772.59748363652
"96768",5963.79945039636
"96769",5731.96726412023
"96770",5470.58955096643
"96771",5263.86377057368
"96772",5171.55061660464
"96773",4965.04511649389
"96774",4899.04896291882
"96775",4886.18444364625
"96776",4858.58928646299
"96777",4916.17832683781
"96778",4978.17699921081
"96779",5044.91294310325
"96780",5391.49207093628
"96781",5634.52496317829
"96782",6146.55030514536
"96783",6694.95367669364
"96784",6942.71672826715
"96785",7385.00100955908
"96786",7598.05707270548
"96787",7471.52226408856
"96788",7163.83352175726
"96789",6817.09124660812
"96790",6460.6643487328
"96791",5979.86708563253
"96792",5748.5269102658
"96793",5619.63929506025
"96794",5433.50141512141
"96795",5388.76907450915
"96796",5376.88721576666
"96797",5279.88804963302
"96798",5377.51886832371
"96799",5443.68677581767
"96800",5665.46102411564
"96801",5924.09694838046
"96802",6269.37861338396
"96803",6752.28428651651
"96804",7233.56331598252
"96805",7476.73234204107
"96806",7259.6994541747
"96807",7246.17636254394
"96808",7010.65099962311
"96809",6913.73196459849
"96810",6815.42394611282
"96811",6612.29421110368
"96812",6504.84981259096
"96813",6136.88349176843
"96814",5944.03059751339
"96815",5643.52513753968
"96816",5999.19911491069
"96817",5282.73469928239
"96818",5683.72584026887
"96819",5276.08307272095
"96820",5054.92121881901
"96821",4869.97063381672
"96822",4778.91142551156
"96823",4644.01045461175
"96824",4652.70089358719
"96825",4591.28560483721
"96826",4664.02860169886
"96827",4640.96575734174
"96828",4758.46637647934
"96829",4954.49291154646
"96830",5151.48287214001
"96831",5284.98657327274
"96832",5578.30658312368
"96833",5899.31209514132
"96834",6103.13085749816
"96835",6219.92179307908
"96836",6105.40983984485
"96837",5977.77607402032
"96838",5671.3809551724
"96839",5439.11849504557
"96840",5153.2554846863
"96841",5001.27721015067
"96842",4822.4600718833
"96843",4660.32139447859
"96844",4555.13530180765
"96845",4652.40030424928
"96846",4653.48730439411
"96847",4863.85520037777
"96848",5049.66424752065
"96849",5388.85400442674
"96850",5710.27489679197
"96851",6150.05278235001
"96852",6628.1435961762
"96853",6888.22983140004
"96854",6822.31730641317
"96855",6541.43068053667
"96856",6335.61686022661
"96857",6187.09052860778
"96858",6074.49718785845
"96859",5936.14457383057
"96860",5774.29908298818
"96861",5653.31365904417
"96862",5437.72819974515
"96863",5318.35453162794
"96864",5575.90207644324
"96865",5418.29199844313
"96866",5225.14294335597
"96867",5075.50637413585
"96868",5001.927069589
"96869",4724.04174456144
"96870",4586.54877657158
"96871",4459.58155194121
"96872",4456.45612090548
"96873",4317.48235263559
"96874",4366.49283561628
"96875",4386.76131956216
"96876",4520.99706958596
"96877",4568.15306769964
"96878",4673.35724369126
"96879",4688.77127456305
"96880",4871.84959229679
"96881",5175.41337400144
"96882",5318.08012577525
"96883",5282.0988116485
"96884",5174.28313867883
"96885",4952.5849929029
"96886",4651.15000736219
"96887",4357.96553461914
"96888",4089.12704306794
"96889",3913.84967247785
"96890",3847.45852951795
"96891",3900.54095328478
"96892",4154.28387880292
"96893",4375.93848527869
"96894",4602.4514514742
"96895",4762.44875745777
"96896",5075.45346939121
"96897",5373.38853581225
"96898",5576.18130891691
"96899",5937.74318376836
"96900",6314.74306752251
"96901",6618.49032062411
"96902",6496.44504299856
"96903",6364.9291815343
"96904",6188.56284689305
"96905",6049.18279433623
"96906",5888.59213033293
"96907",5752.00935724776
"96908",5544.56464942577
"96909",5218.79170214279
"96910",5020.95022752226
"96911",4830.355319015
"96912",5096.61685447371
"96913",5392.11932659356
"96914",4462.29097731217
"96915",4551.99392152904
"96916",4458.01346345187
"96917",4306.76998276044
"96918",4167.04043332741
"96919",4198.02790504854
"96920",4150.69513991531
"96921",4223.04795950879
"96922",4220.05230483639
"96923",4343.52791144239
"96924",4711.99029111103
"96925",4996.88582411583
"96926",5567.63014570736
"96927",5922.07360503768
"96928",6244.71286861726
"96929",6658.18873484781
"96930",6731.84201232692
"96931",6654.65577763593
"96932",6564.89867404569
"96933",6448.80807388605
"96934",6196.44224642973
"96935",5938.8830963139
"96936",5653.40888046666
"96937",5298.56514530644
"96938",5017.14074485029
"96939",4857.80381293365
"96940",5009.63566193495
"96941",4970.41803087254
"96942",4992.89957335182
"96943",5111.57378677055
"96944",5407.9264694855
"96945",5651.91165409176
"96946",5955.55818595545
"96947",6360.78696533578
"96948",6822.12727240808
"96949",7213.78239694543
"96950",7104.4138890551
"96951",6915.40404151678
"96952",6693.16566345869
"96953",6550.5391731507
"96954",6333.98481113203
"96955",6096.35674273679
"96956",5903.46238128022
"96957",5609.36001608142
"96958",5208.09812554371
"96959",5066.89714638736
"96960",5303.79111178643
"96961",5123.87487035932
"96962",4928.1378032287
"96963",4786.27653121953
"96964",4639.70363293849
"96965",4545.41359879898
"96966",4414.95785783026
"96967",4366.52552532215
"96968",4397.71663691455
"96969",4370.36645061715
"96970",4391.83376133762
"96971",4548.82110364766
"96972",4839.98060705591
"96973",5072.31588703334
"96974",5624.64832290315
"96975",6147.96033706004
"96976",6494.96887913773
"96977",6812.79363306146
"96978",6626.91460666646
"96979",6694.05316111387
"96980",6514.17331039654
"96981",6344.13266805473
"96982",5908.23954984991
"96983",5708.42239832089
"96984",5518.48970080398
"96985",5474.47039278772
"96986",5561.18299047655
"96987",5561.4486585253
"96988",5588.16032528045
"96989",5583.3868733308
"96990",5509.64531573468
"96991",5497.09454752087
"96992",5693.88543471531
"96993",5968.34727078839
"96994",6392.27364428559
"96995",6752.61822139546
"96996",6947.08613404769
"96997",7362.55604568648
"96998",7087.26618778628
"96999",6927.94161229886
"97000",6649.56301714144
"97001",6453.23576749312
"97002",6219.76013934492
"97003",6007.13542847324
"97004",5872.01674298099
"97005",5509.05413173127
"97006",5269.11569296177
"97007",4996.81562566621
"97008",5279.82880834162
"97009",5141.55159186055
"97010",4929.49059700189
"97011",4732.22159489103
"97012",4590.28098329759
"97013",4352.00347658431
"97014",4307.46205432202
"97015",4210.83167245076
"97016",4208.06330293967
"97017",4167.13933026217
"97018",4195.08888161185
"97019",4307.4512604832
"97020",4509.68462275828
"97021",4817.53900901
"97022",5379.37188020157
"97023",5846.6420904032
"97024",6249.20348704669
"97025",6594.56519623079
"97026",6560.29072796333
"97027",6832.37731857325
"97028",6700.00828621533
"97029",6356.83911697854
"97030",6521.35907674523
"97031",6446.18052335232
"97032",6372.19440889194
"97033",6450.36073104104
"97034",6390.55116642585
"97035",6203.38470283203
"97036",6151.41049929494
"97037",6064.79059060294
"97038",5851.72189524941
"97039",5777.94786882894
"97040",5852.66601416531
"97041",6044.53316484277
"97042",6421.99324151362
"97043",6787.56652988866
"97044",6986.15586461436
"97045",7297.53068257389
"97046",7141.81325521914
"97047",6897.7700703209
"97048",6628.71743101126
"97049",6426.37186317586
"97050",6309.20718393914
"97051",6087.72805371178
"97052",5818.58821662768
"97053",5539.05903119873
"97054",5178.20032768362
"97055",5102.8624131148
"97056",5374.67289571723
"97057",5120.83697607151
"97058",4859.81802778741
"97059",4710.36864934303
"97060",4459.07614562339
"97061",4309.28074175911
"97062",4301.24937594166
"97063",4213.23085568293
"97064",4096.0977126792
"97065",4013.24586663739
"97066",4177.25683055144
"97067",4282.47618760653
"97068",4577.32937122787
"97069",4815.14733189418
"97070",5409.54086508445
"97071",5804.04434467132
"97072",6200.24708978823
"97073",6539.95592767879
"97074",6558.12136143446
"97075",6186.26739651607
"97076",5907.18507218667
"97077",5524.04649381126
"97078",4898.56528715105
"97079",5152.97462469109
"97080",4788.98384852843
"97081",4765.97065321974
"97082",4937.98650889965
"97083",4946.90162359568
"97084",5134.50570196992
"97085",5125.24890524096
"97086",4964.70529290324
"97087",5044.3725208398
"97088",5135.97940726597
"97089",5412.17799622024
"97090",5772.74511148012
"97091",6255.9524299784
"97092",6532.51217780236
"97093",6929.22569984502
"97094",6683.33945924992
"97095",6502.61752731182
"97096",6303.8279579856
"97097",6278.44712702698
"97098",6027.63302869555
"97099",5848.18244357998
"97100",5746.5756353829
"97101",5444.42026641522
"97102",5238.27933266296
"97103",5113.92041961324
"97104",5249.02822236072
"97105",5004.15493645247
"97106",4765.55531086954
"97107",4492.49740726172
"97108",4431.53746076047
"97109",4237.03518101189
"97110",4155.67882406349
"97111",4137.67872400255
"97112",4058.34813645859
"97113",4136.83515195414
"97114",4183.31688219459
"97115",4208.27596837478
"97116",4534.29582470367
"97117",4791.22679346655
"97118",5291.1959321284
"97119",5548.74127647322
"97120",5708.80769256908
"97121",6020.76908892376
"97122",6255.49119178639
"97123",6454.9525340892
"97124",6332.75623475909
"97125",6101.60663783827
"97126",6039.09561459866
"97127",5852.51828601867
"97128",5848.44290346746
"97129",5738.13918418503
"97130",5786.52017909033
"97131",5776.48985434596
"97132",5926.06577535189
"97133",5897.83283653991
"97134",5772.93180130235
"97135",5727.63076981472
"97136",5404.54432303032
"97137",5619.91493412491
"97138",6017.64022792366
"97139",6348.3639673669
"97140",6643.6302313324
"97141",6872.73588333195
"97142",6714.52591988951
"97143",6618.34534568308
"97144",6246.81255902968
"97145",6178.39269095728
"97146",5863.72481089932
"97147",5756.3444884251
"97148",5602.95403532549
"97149",5437.28375414935
"97150",5175.79774443118
"97151",5026.97443965974
"97152",5358.40977931724
"97153",4574.66192789775
"97154",5092.20765239107
"97155",4596.78411318801
"97156",4506.93257611377
"97157",4315.17903561899
"97158",4223.03703725392
"97159",4179.93742616002
"97160",4085.21903941063
"97161",4045.44870111581
"97162",4066.12536235142
"97163",3990.34502359165
"97164",4201.21176740603
"97165",4296.03087526838
"97166",4545.05490224753
"97167",4695.52772105317
"97168",4757.62023575211
"97169",5054.54627432043
"97170",5260.89721429927
"97171",5390.02739654327
"97172",5606.07764473412
"97173",5621.85089217425
"97174",5538.63916983234
"97175",5418.408126329
"97176",5544.71062412263
"97177",5428.72740121243
"97178",5377.10260958678
"97179",5401.98204489481
"97180",5273.42411798639
"97181",5510.10227164415
"97182",5565.14799761361
"97183",5581.87586765549
"97184",5690.331255368
"97185",5875.59760449549
"97186",5920.56788978375
"97187",6047.87019531537
"97188",6263.84844099631
"97189",6619.5419306671
"97190",6443.33619016993
"97191",6246.26631568552
"97192",6009.78021630909
"97193",5826.50429148004
"97194",5698.86160840738
"97195",5491.61282079373
"97196",5406.06112797045
"97197",5225.41857450078
"97198",5008.97362867713
"97199",4896.20907626449
"97200",5162.17619744305
"97201",4956.05821034397
"97202",4707.08894658672
"97203",4546.53882980358
"97204",4481.30269821016
"97205",4270.35662296448
"97206",4148.67036282674
"97207",4075.14936439502
"97208",4065.30450802828
"97209",3948.51304589979
"97210",3984.51726891113
"97211",4028.45618590391
"97212",4165.00491051894
"97213",4195.27877045355
"97214",4370.14364722271
"97215",4420.66877260591
"97216",4560.32811913949
"97217",4812.67514663481
"97218",4956.42861742031
"97219",5010.51048489281
"97220",4823.6008668984
"97221",4749.79782469087
"97222",4714.30855365165
"97223",4672.9403860119
"97224",4659.62429642003
"97225",4757.85572353821
"97226",4642.51285663361
"97227",4666.09580271348
"97228",4757.80060442031
"97229",4934.30123102197
"97230",5024.70733359054
"97231",5109.31323642436
"97232",5345.17117666439
"97233",5551.87916029199
"97234",5912.74391726972
"97235",6207.17860895261
"97236",6542.31609925896
"97237",6890.19363394754
"97238",6721.71507123563
"97239",6507.74940106583
"97240",6208.70224895802
"97241",6086.36437811245
"97242",5758.7633174334
"97243",5692.0518324241
"97244",5487.36086701509
"97245",5251.50864980774
"97246",5053.93799487115
"97247",4931.11583237215
"97248",5246.56146641518
"97249",5544.35185311538
"97250",4552.58282410634
"97251",4712.53129284411
"97252",4585.00466127337
"97253",4475.15624493633
"97254",4285.86887619856
"97255",4283.39448637722
"97256",4244.89452114738
"97257",4271.64979626007
"97258",4327.32054662173
"97259",4384.33777824915
"97260",4648.32795005514
"97261",4906.69817352107
"97262",5377.58823745264
"97263",5694.73804986945
"97264",5938.05194125234
"97265",6382.72168747092
"97266",6560.65166392942
"97267",6662.20376886644
"97268",6464.61930136741
"97269",6232.79397790492
"97270",5993.12682274056
"97271",6008.47748330765
"97272",5985.44092856936
"97273",5963.57268065961
"97274",5984.16046256606
"97275",5916.69595481007
"97276",6014.85285447111
"97277",6066.88401192723
"97278",6185.84676896475
"97279",6174.29865792287
"97280",6180.61670113627
"97281",6170.64422755687
"97282",6311.6649427923
"97283",6622.71109319545
"97284",7027.67572313051
"97285",7269.41494937721
"97286",6985.08464846123
"97287",6849.10450933135
"97288",6574.47008748315
"97289",6433.31884639972
"97290",6183.23814795352
"97291",5897.37145110142
"97292",5876.4094754828
"97293",5545.98528647352
"97294",5326.90798416705
"97295",5121.72454652819
"97296",5359.50822684705
"97297",5068.73775790475
"97298",4871.03477134775
"97299",4708.04542510205
"97300",4589.09124782877
"97301",4332.37224834054
"97302",4022.2828447707
"97303",4003.55543871069
"97304",4234.84722978687
"97305",4248.4941510334
"97306",4285.52017730546
"97307",4428.9580151435
"97308",4711.9774995117
"97309",4956.02850641192
"97310",5536.17657986976
"97311",5751.34476447047
"97312",6068.83111507201
"97313",6277.78169580365
"97314",6602.45254431543
"97315",6794.54202551195
"97316",6812.44372786334
"97317",6699.03779307888
"97318",6743.63071304172
"97319",6697.42457050923
"97320",6607.89432423338
"97321",6649.35757006623
"97322",6848.16763764875
"97323",6753.40784683343
"97324",6997.20883577198
"97325",7038.77168182664
"97326",7079.94052720168
"97327",6722.85247353212
"97328",6792.64750397847
"97329",6864.14554955054
"97330",6984.91034536905
"97331",7047.08187404083
"97332",7396.74357611033
"97333",7673.81925631352
"97334",7392.57939503469
"97335",7192.6680416107
"97336",6864.28851622929
"97337",6776.56673842427
"97338",6492.8238912218
"97339",6295.48792134054
"97340",6127.55545064552
"97341",5764.23226838289
"97342",5456.59764167384
"97343",5372.55562608065
"97344",5580.05867817439
"97345",5423.707529655
"97346",5141.2217799152
"97347",4945.93660115689
"97348",4878.84982975204
"97349",4691.46601213518
"97350",4622.44836173011
"97351",4568.78318974015
"97352",4489.83392485595
"97353",4476.04321496744
"97354",4563.34735518304
"97355",4749.02988620457
"97356",4900.92198092522
"97357",5131.4890730189
"97358",5700.60802496592
"97359",6180.21224512089
"97360",6365.25079372001
"97361",6835.72783255176
"97362",7012.62371396621
"97363",6932.53093214308
"97364",6791.20252170971
"97365",6411.5404706766
"97366",6385.4642437062
"97367",6038.75436041042
"97368",5797.14125771345
"97369",5763.55733837668
"97370",5903.03632808797
"97371",5816.37457141897
"97372",6004.24185790895
"97373",5875.46470331691
"97374",5636.06530911173
"97375",5692.29103014337
"97376",6008.59042188787
"97377",6214.17887932964
"97378",6555.00435410042
"97379",6845.40572717388
"97380",7238.89784901649
"97381",7509.49200094849
"97382",7354.42664986971
"97383",7051.51591565277
"97384",6865.19505799498
"97385",6713.81513799713
"97386",6424.27490049697
"97387",6261.00030199249
"97388",6043.12308874001
"97389",5747.80739363123
"97390",5465.25717640228
"97391",5214.09512070719
"97392",5540.56422319091
"97393",5335.17518132186
"97394",5178.02586134233
"97395",5065.13996503853
"97396",4917.48136707369
"97397",4758.72873517883
"97398",4699.51516337632
"97399",4651.99279298208
"97400",4615.34860086849
"97401",4580.82560360861
"97402",4702.81373443807
"97403",4712.32932335516
"97404",5017.86021429661
"97405",5159.409550918
"97406",5677.37074737497
"97407",6058.55631387645
"97408",6364.10687962998
"97409",6763.982497456
"97410",6902.12806838752
"97411",6876.18266534228
"97412",6642.58417181756
"97413",6468.37858308452
"97414",6359.95633541779
"97415",6169.59228904123
"97416",6113.27314594891
"97417",6247.02238080307
"97418",6215.69812976901
"97419",6292.91815484941
"97420",6293.60132281078
"97421",6219.52059780782
"97422",6207.9328983542
"97423",6489.3310333054
"97424",6628.15479801386
"97425",6751.42420603828
"97426",6856.19396894514
"97427",7164.77823061943
"97428",7390.05678333895
"97429",7635.41672509047
"97430",7474.48221588995
"97431",7322.08341974577
"97432",7107.52545020167
"97433",6826.92926798917
"97434",6587.90613025057
"97435",6315.87494581114
"97436",6031.90704084722
"97437",5656.08438594126
"97438",5386.88274071142
"97439",5222.37749606797
"97440",5395.94414248481
"97441",5202.84808409346
"97442",4974.42229600003
"97443",4833.88694475405
"97444",4714.95167168904
"97445",4605.25477473915
"97446",4535.2006744577
"97447",4464.81773938745
"97448",4509.72219806355
"97449",4567.16769724576
"97450",4693.32907639258
"97451",4740.60463739753
"97452",4922.28991727654
"97453",5183.5216830741
"97454",5732.56372944517
"97455",6089.18724155826
"97456",6439.84243092054
"97457",6755.70337034372
"97458",6841.49080815316
"97459",6930.82761171115
"97460",6756.64723662105
"97461",6439.0844867523
"97462",6186.866519888
"97463",6056.70605886878
"97464",6170.15852577743
"97465",6262.02458664696
"97466",6400.5036820704
"97467",6492.04376825438
"97468",6437.05055093277
"97469",6422.62166603141
"97470",6408.85675995311
"97471",6428.2316064009
"97472",6534.88068069924
"97473",6606.20220165718
"97474",6723.1621358028
"97475",6923.31378876076
"97476",7136.94392325775
"97477",7289.71971309484
"97478",7334.53866638075
"97479",7060.10656754319
"97480",6719.34312656579
"97481",6561.92747350194
"97482",6410.91141297756
"97483",6192.87228141095
"97484",5915.82599367874
"97485",5719.73807210628
"97486",5423.66505905045
"97487",5266.2384667001
"97488",5598.57878709484
"97489",4869.53486157798
"97490",5381.73651955903
"97491",4951.15466491229
"97492",4799.02606998124
"97493",4511.75514159542
"97494",4432.05288957108
"97495",4299.78950958165
"97496",4223.45748788623
"97497",4192.17799560228
"97498",4187.81643684735
"97499",4140.66901798668
"97500",4318.76753893943
"97501",4360.57534612286
"97502",4691.2089221717
"97503",4676.88461765146
"97504",4826.41751776007
"97505",5174.77129974481
"97506",5324.83518426349
"97507",5338.80557077703
"97508",5430.48026780548
"97509",5294.67408050408
"97510",5336.4825902173
"97511",5552.78318100322
"97512",5572.87408804368
"97513",5549.61921415924
"97514",5236.99102010534
"97515",4874.40652354642
"97516",5074.73150018187
"97517",4813.35273956486
"97518",4888.72680014726
"97519",4960.79470527003
"97520",5098.37496614534
"97521",5261.04968548019
"97522",5570.9349654123
"97523",6066.22639301925
"97524",6381.90678726144
"97525",6648.07721669444
"97526",6438.36501548952
"97527",6349.57601076979
"97528",6111.91893921608
"97529",6068.9528823733
"97530",5779.69143580469
"97531",5714.87723710521
"97532",5524.36108651937
"97533",5442.14774811197
"97534",5105.71623480451
"97535",5025.77930523729
"97536",5309.08871596515
"97537",5093.00560087936
"97538",4869.41175010744
"97539",4681.69305020341
"97540",4634.43868620584
"97541",4447.72083269485
"97542",4263.8149286134
"97543",4214.47250693485
"97544",4223.14404396828
"97545",4183.30057866691
"97546",4192.04713868203
"97547",4141.6291770762
"97548",4173.76660869559
"97549",4438.1949532587
"97550",4493.40376235631
"97551",4668.14488020035
"97552",4682.3933769742
"97553",4947.04564928799
"97554",5098.06284206987
"97555",4936.44523371642
"97556",4938.63393507361
"97557",4896.4554389218
"97558",5177.17218172572
"97559",5050.92951011735
"97560",4907.14341076231
"97561",4941.35716906773
"97562",4926.70068819163
"97563",5287.4490540732
"97564",5618.6589608835
"97565",5410.44130258247
"97566",5587.25906403898
"97567",5330.42389679294
"97568",5628.76663509967
"97569",5973.91498130818
"97570",5995.88224775486
"97571",6194.88661155714
"97572",6604.9922633815
"97573",6895.62349399825
"97574",6796.45268828073
"97575",6566.32035935732
"97576",6291.81875346434
"97577",6135.04046215671
"97578",5938.11639915398
"97579",5746.75443129589
"97580",5645.88541859407
"97581",5286.55090116906
"97582",5106.85951814443
"97583",4864.86841888868
"97584",5095.99304555665
"97585",5473.36465756263
"97586",4476.5660717209
"97587",4603.23576366523
"97588",4498.69900010263
"97589",4293.78685946383
"97590",4300.26525305246
"97591",4140.48361271604
"97592",4202.95292254424
"97593",4138.35725477019
"97594",4182.54800668695
"97595",4214.24660597988
"97596",4466.67309462025
"97597",4781.024544773
"97598",5309.24712162756
"97599",5555.02156826067
"97600",5960.75013286559
"97601",6266.32238634616
"97602",6547.08127484594
"97603",6474.85888759427
"97604",6356.98411749074
"97605",5960.83945883896
"97606",5832.57505487894
"97607",5688.42601202154
"97608",5426.61481766009
"97609",5537.57865090991
"97610",5670.47724775579
"97611",5671.01449408481
"97612",5583.34524913889
"97613",5522.49980377026
"97614",5643.10055240008
"97615",5620.98041957177
"97616",5728.16301600938
"97617",5836.70112916623
"97618",5948.5187706085
"97619",6243.65303388401
"97620",6516.82655531461
"97621",6840.38896155486
"97622",6780.77205855578
"97623",6428.20048978556
"97624",6201.13887100254
"97625",6080.06029915329
"97626",5835.84681159941
"97627",5699.51463595975
"97628",5545.78647373672
"97629",5202.11995437107
"97630",5088.4515367633
"97631",4947.62656290884
"97632",5221.61363977922
"97633",4981.08986443097
"97634",4658.10204863419
"97635",4519.27175680697
"97636",4472.8717458056
"97637",4286.88704306498
"97638",4243.8353676566
"97639",4110.89264242442
"97640",4134.10762939411
"97641",4149.67409586188
"97642",4224.25980082231
"97643",4308.06962901445
"97644",4487.78380256756
"97645",4793.71276654675
"97646",5308.42718999019
"97647",5421.80073543731
"97648",5876.7832742082
"97649",6054.31971343605
"97650",6109.40834614763
"97651",5877.19633502485
"97652",5526.57498952272
"97653",4994.58838655944
"97654",5013.83840253103
"97655",5115.36118547407
"97656",4888.01424009652
"97657",4713.51766846913
"97658",5035.48992299646
"97659",5153.68233445823
"97660",5213.87987381451
"97661",5332.70399470891
"97662",5369.27617663978
"97663",5124.67454991831
"97664",5280.92171474465
"97665",5480.52157107968
"97666",5626.93686522442
"97667",5900.57059488232
"97668",6284.35923496395
"97669",6741.0857228531
"97670",6710.20669214017
"97671",6369.47171625984
"97672",6141.34654999536
"97673",5932.01572579204
"97674",5732.6393490255
"97675",5578.03576543042
"97676",5363.64484114653
"97677",4955.73225152395
"97678",4733.14643121503
"97679",4645.76598663637
"97680",4846.82731750442
"97681",4656.56239896634
"97682",4404.01517043652
"97683",4298.57527094537
"97684",4156.47934594232
"97685",4044.05273855565
"97686",3885.72951993509
"97687",3823.33422756978
"97688",3827.6336601832
"97689",3791.7971494306
"97690",3883.53176779076
"97691",4156.24281305831
"97692",4300.63256287988
"97693",4559.12255506285
"97694",5106.23242459034
"97695",5583.33535665828
"97696",5750.53317975693
"97697",6044.9162564323
"97698",5932.46135744734
"97699",5796.11637922119
"97700",5776.43570150293
"97701",5599.40529136188
"97702",5539.81614872756
"97703",5161.64744393523
"97704",4859.84966859786
"97705",4747.35534993761
"97706",4803.65215288274
"97707",4721.74773899588
"97708",4849.95906810172
"97709",5429.97682759923
"97710",5632.25658051809
"97711",5727.75641945041
"97712",5627.34683139555
"97713",5601.0168131447
"97714",6038.07131199077
"97715",6351.38464829229
"97716",6754.94542992925
"97717",7153.18581579339
"97718",7196.39188131185
"97719",6933.58075464479
"97720",6620.72468857518
"97721",6662.35701375491
"97722",6281.01527710492
"97723",6194.87650938244
"97724",6002.50294006909
"97725",5607.67053262929
"97726",5319.84900653375
"97727",5013.77014313752
"97728",5294.48809909518
"97729",5137.78540911935
"97730",4866.74699593268
"97731",4784.14839101754
"97732",4575.04404494719
"97733",4445.24387377244
"97734",4347.36798258822
"97735",4278.15393025427
"97736",4339.68679245181
"97737",4260.3978175727
"97738",4397.30431590189
"97739",4422.36910152068
"97740",4795.94983518439
"97741",5065.16844161249
"97742",5621.9283661165
"97743",6113.52510721913
"97744",6529.94566259454
"97745",6897.25329683097
"97746",6859.17266553606
"97747",6547.17241820165
"97748",6430.26855038483
"97749",5979.31702550497
"97750",5562.44495107203
"97751",5337.00749438415
"97752",5219.74359066234
"97753",5311.7826388488
"97754",4962.24803767985
"97755",4795.64859667705
"97756",4921.08847196462
"97757",4856.22119008905
"97758",4928.0004932711
"97759",5024.45991479023
"97760",5231.10668192342
"97761",5637.4345574639
"97762",6089.48290871954
"97763",6379.22618562448
"97764",6694.48036695456
"97765",7008.86419773182
"97766",7045.49713145912
"97767",6897.54243334773
"97768",6652.86178353949
"97769",6537.33626835997
"97770",6386.5445034164
"97771",6118.59452188836
"97772",5882.74972135525
"97773",5548.07603780213
"97774",5273.2882172339
"97775",4901.06407962486
"97776",5314.75915861516
